side,count,mismatched_count,proportion
Bid,107,77,0.719626168224299
Ask,88,56,0.6363636363636364
