side,count,mismatched_count,proportion
Bid,19,0.022379999999999983,0.0011778947368421046
Ask,13,-0.49239,-0.03787615384615385
