is_fee_evaluated,count,mismatched_count,proportion
False,1,0.0009100000000000002,0.0009100000000000002
True,31,-0.47092,-0.015190967741935483
