role,count,mismatched_count,proportion
Taker,1,0.13229,0.13229
Maker,31,-0.6023000000000001,-0.019429032258064517
