role,count,mismatched_count,proportion
Maker,189,133,0.7037037037037037
Taker,6,1,0.16666666666666666
