side,count,mismatched_count,proportion
Bid,107,78,0.7289719626168224
Ask,88,56,0.6363636363636364
