side,count,mismatched_count,proportion
Bid,107,47,0.4392523364485981
Ask,88,45,0.5113636363636364
